<?xml version="1.0" encoding="UTF-8"?>
<jcr:root xmlns:sling="http://sling.apache.org/jcr/sling/1.0" xmlns:cq="http://www.day.com/jcr/cq/1.0" xmlns:jcr="http://www.jcp.org/jcr/1.0" xmlns:nt="http://www.jcp.org/jcr/nt/1.0"
    jcr:primaryType="cq:Page">
    <_x0030_.gif/>
    <jcr:content
        cq:lastModified="{Date}2012-07-10T09:39:11.405-04:00"
        cq:lastModifiedBy="admin"
        jcr:primaryType="nt:unstructured"
        jcr:title="Brightcove Design"
        sling:resourceType="wcm/core/components/designer"/>
    <favicon.ico/>
    <images/>
    <toolsAPI/>
    <bootstrap/>
    <shared/>
    <ico_brightcove.png/>
    <brightcoveExperiences/>
    <brightcoveExperiences2/>
</jcr:root>
